--
-- Database: `t3stovet_exo`
--

CREATE TABLE IF NOT EXISTS `ci_sessions` (
  `session_id` varchar(40) collate utf8_unicode_ci NOT NULL default '0',
  `ip_address` varchar(16) collate utf8_unicode_ci NOT NULL default '0',
  `user_agent` varchar(120) collate utf8_unicode_ci NOT NULL,
  `last_activity` int(10) unsigned NOT NULL default '0',
  `user_data` text collate utf8_unicode_ci NOT NULL,
  PRIMARY KEY  (`session_id`),
  KEY `last_activity_idx` (`last_activity`)
) ENGINE=InnoDB DEFAULT CHARSET=utf8 COLLATE=utf8_unicode_ci;

CREATE TABLE IF NOT EXISTS `footer_links` (
  `footer_id` int(11) NOT NULL auto_increment,
  `footer_text` varchar(100) collate utf8_unicode_ci NOT NULL,
  `footer_link` varchar(60) collate utf8_unicode_ci NOT NULL,
  PRIMARY KEY  (`footer_id`)
) ENGINE=MyISAM  DEFAULT CHARSET=utf8 COLLATE=utf8_unicode_ci AUTO_INCREMENT=6 ;

INSERT INTO `footer_links` (`footer_id`, `footer_text`, `footer_link`) VALUES
(4, 'тест1', '/admin/create_footer'),
(5, 'asdasdasd', 'asdasdasd');

CREATE TABLE IF NOT EXISTS `menus` (
  `menu_id` bigint(20) NOT NULL auto_increment,
  `menu_title` varchar(50) collate utf8_unicode_ci NOT NULL,
  `menu_number` int(11) NOT NULL,
  `menu_link` varchar(60) collate utf8_unicode_ci NOT NULL,
  PRIMARY KEY  (`menu_id`)
) ENGINE=MyISAM  DEFAULT CHARSET=utf8 COLLATE=utf8_unicode_ci AUTO_INCREMENT=17 ;

INSERT INTO `menus` (`menu_id`, `menu_title`, `menu_number`, `menu_link`) VALUES
(13, 'Начало', 1, '/'),
(16, 'Регистрация', 2, '/register/step1'),
(15, 'Контакти', 10, '/contacts');

CREATE TABLE IF NOT EXISTS `pages` (
  `page_id` bigint(20) NOT NULL auto_increment,
  `page_num` int(11) NOT NULL,
  `page_content` text collate utf8_unicode_ci,
  `site_id` bigint(20) NOT NULL,
  `title` varchar(50) collate utf8_unicode_ci NOT NULL,
  `page_type` smallint(6) NOT NULL,
  PRIMARY KEY  (`page_id`)
) ENGINE=MyISAM  DEFAULT CHARSET=utf8 COLLATE=utf8_unicode_ci AUTO_INCREMENT=48 ;

INSERT INTO `pages` (`page_id`, `page_num`, `page_content`, `site_id`, `title`, `page_type`) VALUES
(16, 1, '<p>\r\n	&nbsp;</p>\r\n<div class="dablink" style="font-style: italic; padding-left: 1.6em; margin-bottom: 0.5em; color: rgb(0, 0, 0); font-family: sans-serif; font-size: 13px; line-height: 19px; ">\r\n	This article is about the type of website. For other uses, see&nbsp;<a href="http://en.wikipedia.org/wiki/Wiki_(disambiguation)" style="text-decoration: none; color: rgb(11, 0, 128); background-image: none; background-attachment: initial; background-origin: initial; background-clip: initial; background-color: initial; background-position: initial initial; background-repeat: initial initial; " title="Wiki (disambiguation)" wotsearchprocessed="true">Wiki (disambiguation)</a>.</div>\r\n<div class="dablink" style="font-style: italic; padding-left: 1.6em; margin-bottom: 0.5em; color: rgb(0, 0, 0); font-family: sans-serif; font-size: 13px; line-height: 19px; ">\r\n	<span class="plainlinks selfreference">&quot;Edit summary&quot; redirects here. For edit summaries as used in Wikipedia, see&nbsp;<a href="http://en.wikipedia.org/wiki/Help:Edit_summary" style="text-decoration: none; color: rgb(11, 0, 128); background-image: none !important; background-attachment: initial !important; background-origin: initial !important; background-clip: initial !important; background-color: initial !important; padding-top: 0px !important; padding-right: 0px !important; padding-bottom: 0px !important; padding-left: 0px !important; background-position: initial initial !important; background-repeat: initial initial !important; " title="Help:Edit summary" wotsearchprocessed="true">Help:Edit summary</a>.</span></div>\r\n<div class="dablink" style="font-style: italic; padding-left: 1.6em; margin-bottom: 0.5em; color: rgb(0, 0, 0); font-family: sans-serif; font-size: 13px; line-height: 19px; ">\r\n	<span class="plainlinks selfreference">&quot;WikiNode&quot; redirects here. For the WikiNode of Wikipedia, see&nbsp;<a href="http://en.wikipedia.org/wiki/Wikipedia:WikiNode" style="text-decoration: none; color: rgb(11, 0, 128); background-image: none !important; background-attachment: initial !important; background-origin: initial !important; background-clip: initial !important; background-color: initial !important; padding-top: 0px !important; padding-right: 0px !important; padding-bottom: 0px !important; padding-left: 0px !important; background-position: initial initial !important; background-repeat: initial initial !important; " title="Wikipedia:WikiNode" wotsearchprocessed="true">Wikipedia:WikiNode</a>.</span></div>\r\n<div class="metadata topicon" id="protected-icon" style="position: absolute; top: -2em; margin-right: -10px; display: none; color: rgb(0, 0, 0); font-family: sans-serif; font-size: 13px; line-height: 19px; right: 55px; ">\r\n	<a href="http://en.wikipedia.org/wiki/Wikipedia:Protection_policy#semi" style="text-decoration: none; color: rgb(11, 0, 128); background-image: none; background-attachment: initial; background-origin: initial; background-clip: initial; background-color: initial; background-position: initial initial; background-repeat: initial initial; " title="This article is semi-protected indefinitely in response to an ongoing high risk of vandalism." wotsearchprocessed="true"><img alt="Page semi-protected" height="20" src="http://upload.wikimedia.org/wikipedia/commons/thumb/f/fc/Padlock-silver.svg/20px-Padlock-silver.svg.png" style="border-top-style: none; border-right-style: none; border-bottom-style: none; border-left-style: none; border-width: initial; border-color: initial; border-image: initial; vertical-align: middle; " width="20" /></a></div>\r\n<div class="thumb tright" style="clear: right; float: right; margin-bottom: 1.3em; width: auto; margin-top: 0.5em; margin-right: 0px; margin-left: 1.4em; color: rgb(0, 0, 0); font-family: sans-serif; font-size: 13px; line-height: 19px; ">\r\n	<div class="thumbinner" style="min-width: 100px; border-top-width: 1px; border-right-width: 1px; border-bottom-width: 1px; border-left-width: 1px; border-top-style: solid; border-right-style: solid; border-bottom-style: solid; border-left-style: solid; border-top-color: rgb(204, 204, 204); border-right-color: rgb(204, 204, 204); border-bottom-color: rgb(204, 204, 204); border-left-color: rgb(204, 204, 204); border-image: initial; padding-top: 3px !important; padding-right: 3px !important; padding-bottom: 3px !important; padding-left: 3px !important; background-color: rgb(249, 249, 249); font-size: 12px; text-align: center; overflow-x: hidden; overflow-y: hidden; width: 222px; ">\r\n		<a class="image" href="http://en.wikipedia.org/wiki/File:Ward_Cunningham_-_Commons-1.jpg" style="text-decoration: none; color: rgb(11, 0, 128); background-image: none; background-attachment: initial; background-origin: initial; background-clip: initial; background-color: initial; background-position: initial initial; background-repeat: initial initial; " wotsearchprocessed="true"><img alt="" class="thumbimage" height="236" src="http://upload.wikimedia.org/wikipedia/commons/thumb/8/88/Ward_Cunningham_-_Commons-1.jpg/220px-Ward_Cunningham_-_Commons-1.jpg" style="border-top-style: solid; border-right-style: solid; border-bottom-style: solid; border-left-style: solid; border-width: initial; border-color: initial; border-image: initial; vertical-align: middle; border-top-width: 1px; border-right-width: 1px; border-bottom-width: 1px; border-left-width: 1px; border-top-color: rgb(204, 204, 204); border-right-color: rgb(204, 204, 204); border-bottom-color: rgb(204, 204, 204); border-left-color: rgb(204, 204, 204); background-color: rgb(255, 255, 255); " width="220" /></a>\r\n		<div class="thumbcaption" style="text-align: left; border-top-style: none; border-right-style: none; border-bottom-style: none; border-left-style: none; border-width: initial; border-color: initial; border-image: initial; line-height: 1.4em; padding-top: 3px !important; padding-right: 3px !important; padding-bottom: 3px !important; padding-left: 3px !important; font-size: 11px; ">\r\n			<div class="magnify" style="float: right; border-top-style: none !important; border-right-style: none !important; border-bottom-style: none !important; border-left-style: none !important; border-width: initial !important; border-color: initial !important; border-image: initial !important; background-image: none !important; background-attachment: initial !important; background-origin: initial !important; background-clip: initial !important; background-color: initial !important; background-position: initial initial !important; background-repeat: initial initial !important; ">\r\n				<a class="internal" href="http://en.wikipedia.org/wiki/File:Ward_Cunningham_-_Commons-1.jpg" style="text-decoration: none; color: rgb(11, 0, 128); background-image: none !important; background-attachment: initial !important; background-origin: initial !important; background-clip: initial !important; background-color: initial !important; display: block; border-top-style: none !important; border-right-style: none !important; border-bottom-style: none !important; border-left-style: none !important; border-width: initial !important; border-color: initial !important; border-image: initial !important; background-position: initial initial !important; background-repeat: initial initial !important; " title="Enlarge" wotsearchprocessed="true"><img alt="" height="11" src="http://bits.wikimedia.org/skins-1.18/common/images/magnify-clip.png" style="border-top-style: none !important; border-right-style: none !important; border-bottom-style: none !important; border-left-style: none !important; border-width: initial; border-color: initial; border-image: initial !important; vertical-align: middle; display: block; border-width: initial !important; border-color: initial !important; background-image: none !important; background-attachment: initial !important; background-origin: initial !important; background-clip: initial !important; background-color: initial !important; background-position: initial initial !important; background-repeat: initial initial !important; " width="15" /></a></div>\r\n			<a href="http://en.wikipedia.org/wiki/Ward_Cunningham" style="text-decoration: none; color: rgb(11, 0, 128); background-image: none; background-attachment: initial; background-origin: initial; background-clip: initial; background-color: initial; background-position: initial initial; background-repeat: initial initial; " title="Ward Cunningham" wotsearchprocessed="true">Ward Cunningham</a>, the developer of the first wiki software,&nbsp;<a href="http://en.wikipedia.org/wiki/WikiWikiWeb" style="text-decoration: none; color: rgb(11, 0, 128); background-image: none; background-attachment: initial; background-origin: initial; background-clip: initial; background-color: initial; background-position: initial initial; background-repeat: initial initial; " title="WikiWikiWeb" wotsearchprocessed="true">WikiWikiWeb</a></div>\r\n	</div>\r\n</div>\r\n<p style="margin-top: 0.4em; margin-right: 0px; margin-bottom: 0.5em; margin-left: 0px; line-height: 19px; color: rgb(0, 0, 0); font-family: sans-serif; font-size: 13px; ">\r\n	A&nbsp;<b>wiki</b>&nbsp;(<span class="nowrap" style="white-space: nowrap; "><a href="http://upload.wikimedia.org/wikipedia/commons/4/46/En-us-wiki.ogg" style="text-decoration: none; color: rgb(11, 0, 128); background-image: none; background-attachment: initial; background-origin: initial; background-clip: initial; background-color: initial; background-position: initial initial; background-repeat: initial initial; " title="Listen" wotsearchprocessed="true"><img alt="Listen" height="11" src="http://upload.wikimedia.org/wikipedia/commons/thumb/3/3c/Speakerlink.svg/11px-Speakerlink.svg.png" style="border-top-style: none; border-right-style: none; border-bottom-style: none; border-left-style: none; border-width: initial; border-color: initial; border-image: initial; vertical-align: middle; margin-top: 0px; margin-right: 0px; margin-bottom: 0px; margin-left: 0px; " width="11" /></a><sup style="line-height: 1em; "><span class="IPA" style="font-family: ''Arial Unicode MS'', ''Lucida Sans Unicode''; color: rgb(0, 0, 238); font: normal normal bold 80%/normal sans-serif; padding-top: 0px; padding-right: 0.1em; padding-bottom: 0px; padding-left: 0.1em; "><a href="http://en.wikipedia.org/wiki/File:En-us-wiki.ogg" style="text-decoration: none !important; color: rgb(11, 0, 128); background-image: none; background-attachment: initial; background-origin: initial; background-clip: initial; background-color: initial; background-position: initial initial; background-repeat: initial initial; " title="File:En-us-wiki.ogg" wotsearchprocessed="true">i</a></span></sup><span class="IPA" style="font-family: ''Arial Unicode MS'', ''Lucida Sans Unicode''; " title="Representation in the International Phonetic Alphabet (IPA)"><a href="http://en.wikipedia.org/wiki/Wikipedia:IPA_for_English" style="text-decoration: none !important; color: rgb(11, 0, 128); background-image: none; background-attachment: initial; background-origin: initial; background-clip: initial; background-color: initial; background-position: initial initial; background-repeat: initial initial; " title="Wikipedia:IPA for English" wotsearchprocessed="true">/</a></span><span class="IPA" style="font-family: ''Arial Unicode MS'', ''Lucida Sans Unicode''; "><a href="http://en.wikipedia.org/wiki/Wikipedia:IPA_for_English#Key" style="text-decoration: none !important; color: rgb(11, 0, 128); background-image: none; background-attachment: initial; background-origin: initial; background-clip: initial; background-color: initial; background-position: initial initial; background-repeat: initial initial; " title="Wikipedia:IPA for English" wotsearchprocessed="true"><span style="border-bottom-width: 1px; border-bottom-style: dotted; border-bottom-color: initial; " title="primary stress follows">ˈ</span></a></span><span class="IPA" style="font-family: ''Arial Unicode MS'', ''Lucida Sans Unicode''; "><a href="http://en.wikipedia.org/wiki/Wikipedia:IPA_for_English#Key" style="text-decoration: none !important; color: rgb(11, 0, 128); background-image: none; background-attachment: initial; background-origin: initial; background-clip: initial; background-color: initial; background-position: initial initial; background-repeat: initial initial; " title="Wikipedia:IPA for English" wotsearchprocessed="true"><span style="border-bottom-width: 1px; border-bottom-style: dotted; border-bottom-color: initial; " title="''w'' in ''wind''">w</span></a></span><span class="IPA" style="font-family: ''Arial Unicode MS'', ''Lucida Sans Unicode''; "><a href="http://en.wikipedia.org/wiki/Wikipedia:IPA_for_English#Key" style="text-decoration: none !important; color: rgb(11, 0, 128); background-image: none; background-attachment: initial; background-origin: initial; background-clip: initial; background-color: initial; background-position: initial initial; background-repeat: initial initial; " title="Wikipedia:IPA for English" wotsearchprocessed="true"><span style="border-bottom-width: 1px; border-bottom-style: dotted; border-bottom-color: initial; " title="short ''i'' in ''bid''">ɪ</span></a></span><span class="IPA" style="font-family: ''Arial Unicode MS'', ''Lucida Sans Unicode''; "><a href="http://en.wikipedia.org/wiki/Wikipedia:IPA_for_English#Key" style="text-decoration: none !important; color: rgb(11, 0, 128); background-image: none; background-attachment: initial; background-origin: initial; background-clip: initial; background-color: initial; background-position: initial initial; background-repeat: initial initial; " title="Wikipedia:IPA for English" wotsearchprocessed="true"><span style="border-bottom-width: 1px; border-bottom-style: dotted; border-bottom-color: initial; " title="''k'' in ''kind''">k</span></a></span><span class="IPA" style="font-family: ''Arial Unicode MS'', ''Lucida Sans Unicode''; "><a href="http://en.wikipedia.org/wiki/Wikipedia:IPA_for_English#Key" style="text-decoration: none !important; color: rgb(11, 0, 128); background-image: none; background-attachment: initial; background-origin: initial; background-clip: initial; background-color: initial; background-position: initial initial; background-repeat: initial initial; " title="Wikipedia:IPA for English" wotsearchprocessed="true"><span style="border-bottom-width: 1px; border-bottom-style: dotted; border-bottom-color: initial; " title="''y'' in ''happy''">i</span></a></span><span class="IPA" style="font-family: ''Arial Unicode MS'', ''Lucida Sans Unicode''; " title="Representation in the International Phonetic Alphabet (IPA)"><a href="http://en.wikipedia.org/wiki/Wikipedia:IPA_for_English" style="text-decoration: none !important; color: rgb(11, 0, 128); background-image: none; background-attachment: initial; background-origin: initial; background-clip: initial; background-color: initial; background-position: initial initial; background-repeat: initial initial; " title="Wikipedia:IPA for English" wotsearchprocessed="true">/</a></span></span>&nbsp;<span class="IPA" style="font-family: ''Arial Unicode MS'', ''Lucida Sans Unicode''; " title="English pronunciation respelling"><a href="http://en.wikipedia.org/wiki/Wikipedia:Pronunciation_respelling_key" style="text-decoration: none !important; color: rgb(11, 0, 128); background-image: none; background-attachment: initial; background-origin: initial; background-clip: initial; background-color: initial; background-position: initial initial; background-repeat: initial initial; " title="Wikipedia:Pronunciation respelling key" wotsearchprocessed="true"><i><b><span style="font-variant: small-caps; ">wik</span></b>-ee</i></a></span>) is a&nbsp;<a href="http://en.wikipedia.org/wiki/Website" style="text-decoration: none; color: rgb(11, 0, 128); background-image: none; background-attachment: initial; background-origin: initial; background-clip: initial; background-color: initial; background-position: initial initial; background-repeat: initial initial; " title="Website" wotsearchprocessed="true">website</a>&nbsp;whose users can add, modify, or delete its content via a&nbsp;<a href="http://en.wikipedia.org/wiki/Web_browser" style="text-decoration: none; color: rgb(11, 0, 128); background-image: none; background-attachment: initial; background-origin: initial; background-clip: initial; background-color: initial; background-position: initial initial; background-repeat: initial initial; " title="Web browser" wotsearchprocessed="true">web browser</a>&nbsp;using a simplified&nbsp;<a href="http://en.wikipedia.org/wiki/Markup_language" style="text-decoration: none; color: rgb(11, 0, 128); background-image: none; background-attachment: initial; background-origin: initial; background-clip: initial; background-color: initial; background-position: initial initial; background-repeat: initial initial; " title="Markup language" wotsearchprocessed="true">markup language</a>&nbsp;or a&nbsp;<a href="http://en.wikipedia.org/wiki/Online_rich-text_editor" style="text-decoration: none; color: rgb(11, 0, 128); background-image: none; background-attachment: initial; background-origin: initial; background-clip: initial; background-color: initial; background-position: initial initial; background-repeat: initial initial; " title="Online rich-text editor" wotsearchprocessed="true">rich-text editor</a>.<sup class="reference" id="cite_ref-0" style="line-height: 1em; "><a href="http://en.wikipedia.org/wiki/Wiki#cite_note-0" style="text-decoration: none; color: rgb(11, 0, 128); background-image: none; background-attachment: initial; background-origin: initial; background-clip: initial; background-color: initial; white-space: nowrap; background-position: initial initial; background-repeat: initial initial; " wotsearchprocessed="true">[1]</a></sup><sup class="reference" id="cite_ref-Britannica_1-0" style="line-height: 1em; "><a href="http://en.wikipedia.org/wiki/Wiki#cite_note-Britannica-1" style="text-decoration: none; color: rgb(11, 0, 128); background-image: none; background-attachment: initial; background-origin: initial; background-clip: initial; background-color: initial; white-space: nowrap; background-position: initial initial; background-repeat: initial initial; " wotsearchprocessed="true">[2]</a></sup><sup class="reference" id="cite_ref-urlEasy_Wiki_Hosting.2C_Scott_Hanselmans_blog.2C_and_Snagging_Screens_2-0" style="line-height: 1em; "><a href="http://en.wikipedia.org/wiki/Wiki#cite_note-urlEasy_Wiki_Hosting.2C_Scott_Hanselmans_blog.2C_and_Snagging_Screens-2" style="text-decoration: none; color: rgb(11, 0, 128); background-image: none; background-attachment: initial; background-origin: initial; background-clip: initial; background-color: initial; white-space: nowrap; background-position: initial initial; background-repeat: initial initial; " wotsearchprocessed="true">[3]</a></sup>&nbsp;Wikis are typically powered by&nbsp;<a href="http://en.wikipedia.org/wiki/Wiki_software" style="text-decoration: none; color: rgb(11, 0, 128); background-image: none; background-attachment: initial; background-origin: initial; background-clip: initial; background-color: initial; background-position: initial initial; background-repeat: initial initial; " title="Wiki software" wotsearchprocessed="true">wiki software</a>&nbsp;and are often&nbsp;<a href="http://en.wikipedia.org/wiki/Collaborative_software" style="text-decoration: none; color: rgb(11, 0, 128); background-image: none; background-attachment: initial; background-origin: initial; background-clip: initial; background-color: initial; background-position: initial initial; background-repeat: initial initial; " title="Collaborative software" wotsearchprocessed="true">created collaboratively</a>&nbsp;by multiple users. Examples include community websites, corporate&nbsp;<a href="http://en.wikipedia.org/wiki/Intranet" style="text-decoration: none; color: rgb(11, 0, 128); background-image: none; background-attachment: initial; background-origin: initial; background-clip: initial; background-color: initial; background-position: initial initial; background-repeat: initial initial; " title="Intranet" wotsearchprocessed="true">intranets</a>,&nbsp;<a href="http://en.wikipedia.org/wiki/Knowledge_management" style="text-decoration: none; color: rgb(11, 0, 128); background-image: none; background-attachment: initial; background-origin: initial; background-clip: initial; background-color: initial; background-position: initial initial; background-repeat: initial initial; " title="Knowledge management" wotsearchprocessed="true">knowledge management</a>&nbsp;systems, and&nbsp;<a class="mw-redirect" href="http://en.wikipedia.org/wiki/Notetaking_software" style="text-decoration: none; color: rgb(11, 0, 128); background-image: none; background-attachment: initial; background-origin: initial; background-clip: initial; background-color: initial; background-position: initial initial; background-repeat: initial initial; " title="Notetaking software" wotsearchprocessed="true">notetaking</a>.</p>\r\n<p style="margin-top: 0.4em; margin-right: 0px; margin-bottom: 0.5em; margin-left: 0px; line-height: 19px; color: rgb(0, 0, 0); font-family: sans-serif; font-size: 13px; ">\r\n	Wikis may serve many different purposes. Some permit control over different functions (levels of access). For example, editing rights may permit changing, adding or removing material. Others may permit access without enforcing access control. Other rules may also be imposed for organizing content.</p>\r\n<p style="margin-top: 0.4em; margin-right: 0px; margin-bottom: 0.5em; margin-left: 0px; line-height: 19px; color: rgb(0, 0, 0); font-family: sans-serif; font-size: 13px; ">\r\n	<a href="http://en.wikipedia.org/wiki/Ward_Cunningham" style="text-decoration: none; color: rgb(11, 0, 128); background-image: none; background-attachment: initial; background-origin: initial; background-clip: initial; background-color: initial; background-position: initial initial; background-repeat: initial initial; " title="Ward Cunningham" wotsearchprocessed="true">Ward Cunningham</a>, the developer of the first wiki software,&nbsp;<a href="http://en.wikipedia.org/wiki/WikiWikiWeb" style="text-decoration: none; color: rgb(11, 0, 128); background-image: none; background-attachment: initial; background-origin: initial; background-clip: initial; background-color: initial; background-position: initial initial; background-repeat: initial initial; " title="WikiWikiWeb" wotsearchprocessed="true">WikiWikiWeb</a>, originally described it as &quot;the simplest online database that could possibly work.&quot;<sup class="reference" id="cite_ref-3" style="line-height: 1em; "><a href="http://en.wikipedia.org/wiki/Wiki#cite_note-3" style="text-decoration: none; color: rgb(11, 0, 128); background-image: none; background-attachment: initial; background-origin: initial; background-clip: initial; background-color: initial; white-space: nowrap; background-position: initial initial; background-repeat: initial initial; " wotsearchprocessed="true">[4]</a></sup>&quot;Wiki&quot; (pronounced&nbsp;<span class="IPA" style="font-family: ''Arial Unicode MS'', ''Lucida Sans Unicode''; " title="Pronunciation in IPA"><a href="http://en.wikipedia.org/wiki/Wikipedia:IPA_for_Hawaiian" style="text-decoration: none !important; color: rgb(11, 0, 128); background-image: none; background-attachment: initial; background-origin: initial; background-clip: initial; background-color: initial; background-position: initial initial; background-repeat: initial initial; " title="Wikipedia:IPA for Hawaiian" wotsearchprocessed="true">[ˈwiti]</a></span>&nbsp;or&nbsp;<span class="IPA" style="font-family: ''Arial Unicode MS'', ''Lucida Sans Unicode''; " title="Pronunciation in IPA"><a href="http://en.wikipedia.org/wiki/Wikipedia:IPA_for_Hawaiian" style="text-decoration: none !important; color: rgb(11, 0, 128); background-image: none; background-attachment: initial; background-origin: initial; background-clip: initial; background-color: initial; background-position: initial initial; background-repeat: initial initial; " title="Wikipedia:IPA for Hawaiian" wotsearchprocessed="true">[ˈviti]</a></span>) is a&nbsp;<a href="http://en.wikipedia.org/wiki/Hawaiian_language" style="text-decoration: none; color: rgb(11, 0, 128); background-image: none; background-attachment: initial; background-origin: initial; background-clip: initial; background-color: initial; background-position: initial initial; background-repeat: initial initial; " title="Hawaiian language" wotsearchprocessed="true">Hawaiian</a>&nbsp;word meaning &quot;fast&quot; or &quot;quick&quot;.<sup class="reference" id="cite_ref-4" style="line-height: 1em; "><a href="http://en.wikipedia.org/wiki/Wiki#cite_note-4" style="text-decoration: none; color: rgb(11, 0, 128); background-image: none; background-attachment: initial; background-origin: initial; background-clip: initial; background-color: initial; white-space: nowrap; background-position: initial initial; background-repeat: initial initial; " wotsearchprocessed="true">[5]</a></sup></p>\r\n', 11, 'Старт', 0),
(17, 2, '<p>\r\n	&nbsp;</p>\r\n<h2 style="color: rgb(0, 0, 0); background-image: none; background-attachment: initial; background-origin: initial; background-clip: initial; font-weight: normal; margin-top: 0px; margin-right: 0px; margin-bottom: 0.6em; margin-left: 0px; overflow-x: hidden; overflow-y: hidden; padding-top: 0.5em; padding-bottom: 0.17em; border-bottom-width: 1px; border-bottom-style: solid; border-bottom-color: rgb(170, 170, 170); width: auto; font-size: 19px; font-family: sans-serif; line-height: 19px; ">\r\n	<span class="mw-headline" id="Characteristics">Characteristics</span></h2>\r\n<p style="margin-top: 0.4em; margin-right: 0px; margin-bottom: 0.5em; margin-left: 0px; line-height: 19px; color: rgb(0, 0, 0); font-family: sans-serif; font-size: 13px; ">\r\n	Ward Cunningham and co-author&nbsp;<a href="http://en.wikipedia.org/wiki/Bo_Leuf" style="text-decoration: none; color: rgb(11, 0, 128); background-image: none; background-attachment: initial; background-origin: initial; background-clip: initial; background-color: initial; background-position: initial initial; background-repeat: initial initial; " title="Bo Leuf" wotsearchprocessed="true">Bo Leuf</a>, in their book&nbsp;<i><a href="http://en.wikipedia.org/wiki/The_Wiki_Way" style="text-decoration: none; color: rgb(11, 0, 128); background-image: none; background-attachment: initial; background-origin: initial; background-clip: initial; background-color: initial; background-position: initial initial; background-repeat: initial initial; " title="The Wiki Way" wotsearchprocessed="true">The Wiki Way: Quick Collaboration on the Web</a></i>, described the essence of the Wiki concept as follows:</p>\r\n<ul style="line-height: 19px; list-style-type: square; margin-top: 0.3em; margin-right: 0px; margin-bottom: 0px; margin-left: 1.6em; padding-right: 0px; padding-left: 0px; list-style-image: url(data:image/png;base64,iVBORw0KGgoAAAANSUhEUgAAAAUAAAANCAMAAABW4lS6AAAAGXRFWHRTb2Z0d2FyZQBBZG9iZSBJbWFnZVJlYWR5ccllPAAAAAZQTFRFAFKM////QIUK9QAAAAJ0Uk5T/wDltzBKAAAAGklEQVR42mJgBAEGokgGBjBGBxBxsBqAAAMACHwALd5r8ygAAAAASUVORK5CYII=); color: rgb(0, 0, 0); font-family: sans-serif; font-size: 13px; ">\r\n	<li style="margin-bottom: 0.1em; ">\r\n		A wiki invites all users to edit any page or to create new pages within the wiki Web site, using only a&nbsp;<a href="http://en.wikipedia.org/wiki/Vanilla_software" style="text-decoration: none; color: rgb(11, 0, 128); background-image: none; background-attachment: initial; background-origin: initial; background-clip: initial; background-color: initial; background-position: initial initial; background-repeat: initial initial; " title="Vanilla software" wotsearchprocessed="true">plain-vanilla</a>&nbsp;Web browser without any extra&nbsp;<a href="http://en.wikipedia.org/wiki/Browser_extension" style="text-decoration: none; color: rgb(11, 0, 128); background-image: none; background-attachment: initial; background-origin: initial; background-clip: initial; background-color: initial; background-position: initial initial; background-repeat: initial initial; " title="Browser extension" wotsearchprocessed="true">add-ons</a>.</li>\r\n	<li style="margin-bottom: 0.1em; ">\r\n		Wiki promotes meaningful topic associations between different pages by making page link creation almost intuitively easy and showing whether an intended target page exists or not.</li>\r\n	<li style="margin-bottom: 0.1em; ">\r\n		A wiki is not a carefully crafted site for casual visitors. Instead, it seeks to involve the visitor in an ongoing process of creation and collaboration that constantly changes the Web site landscape.</li>\r\n</ul>\r\n<p style="margin-top: 0.4em; margin-right: 0px; margin-bottom: 0.5em; margin-left: 0px; line-height: 19px; color: rgb(0, 0, 0); font-family: sans-serif; font-size: 13px; ">\r\n	A wiki enables communities to write documents collaboratively, using a simple markup language and a web browser. A single page in a wiki website is referred to as a &quot;wiki page&quot;, while the entire collection of pages, which are usually well interconnected by&nbsp;<a href="http://en.wikipedia.org/wiki/Hyperlink" style="text-decoration: none; color: rgb(11, 0, 128); background-image: none; background-attachment: initial; background-origin: initial; background-clip: initial; background-color: initial; background-position: initial initial; background-repeat: initial initial; " title="Hyperlink" wotsearchprocessed="true">hyperlinks</a>, is &quot;the wiki&quot;. A wiki is essentially a database for creating, browsing, and searching through information. A wiki allows for non-linear, evolving, complex and networked text, argument and interaction.<sup class="reference" id="cite_ref-Legal_11-0" style="line-height: 1em; "><a href="http://en.wikipedia.org/wiki/Wiki#cite_note-Legal-11" style="text-decoration: none; color: rgb(11, 0, 128); background-image: none; background-attachment: initial; background-origin: initial; background-clip: initial; background-color: initial; white-space: nowrap; background-position: initial initial; background-repeat: initial initial; " wotsearchprocessed="true">[12]</a></sup></p>\r\n<p style="margin-top: 0.4em; margin-right: 0px; margin-bottom: 0.5em; margin-left: 0px; line-height: 19px; color: rgb(0, 0, 0); font-family: sans-serif; font-size: 13px; ">\r\n	A defining characteristic of wiki technology is the ease with which pages can be created and updated. Generally, there is no review before modifications are accepted. Many wikis are open to alteration by the general public without requiring them to register&nbsp;<a href="http://en.wikipedia.org/wiki/User_(computing)" style="text-decoration: none; color: rgb(11, 0, 128); background-image: none; background-attachment: initial; background-origin: initial; background-clip: initial; background-color: initial; background-position: initial initial; background-repeat: initial initial; " title="User (computing)" wotsearchprocessed="true">user</a>&nbsp;accounts. Many edits can be made in real-time and appear almost instantly online. This can facilitate abuse of the system. Private wiki servers require&nbsp;<a href="http://en.wikipedia.org/wiki/Authentication" style="text-decoration: none; color: rgb(11, 0, 128); background-image: none; background-attachment: initial; background-origin: initial; background-clip: initial; background-color: initial; background-position: initial initial; background-repeat: initial initial; " title="Authentication" wotsearchprocessed="true">user authentication</a>&nbsp;to edit pages, and sometimes even to read them.</p>\r\n<p style="margin-top: 0.4em; margin-right: 0px; margin-bottom: 0.5em; margin-left: 0px; line-height: 19px; color: rgb(0, 0, 0); font-family: sans-serif; font-size: 13px; ">\r\n	<a href="http://en.wikipedia.org/wiki/Maged_N._Kamel_Boulos" style="text-decoration: none; color: rgb(11, 0, 128); background-image: none; background-attachment: initial; background-origin: initial; background-clip: initial; background-color: initial; background-position: initial initial; background-repeat: initial initial; " title="Maged N. Kamel Boulos" wotsearchprocessed="true">Maged N. Kamel Boulos</a>, Cito Maramba and&nbsp;<a href="http://en.wikipedia.org/wiki/Steve_Wheeler" style="text-decoration: none; color: rgb(11, 0, 128); background-image: none; background-attachment: initial; background-origin: initial; background-clip: initial; background-color: initial; background-position: initial initial; background-repeat: initial initial; " title="Steve Wheeler" wotsearchprocessed="true">Steve Wheeler</a>&nbsp;write that it is the &quot;openness of wikis that gives rise to the concept of &#39;Darwikinism&#39;, which is a concept that describes the &#39;<a class="mw-redirect" href="http://en.wikipedia.org/wiki/Socially_Darwinian" style="text-decoration: none; color: rgb(11, 0, 128); background-image: none; background-attachment: initial; background-origin: initial; background-clip: initial; background-color: initial; background-position: initial initial; background-repeat: initial initial; " title="Socially Darwinian" wotsearchprocessed="true">socially Darwinian</a>process&#39; that wiki pages are subject to. Basically, because of the openness of wikis and the rapidity with which wiki pages can be edited, the pages undergo a&nbsp;<a href="http://en.wikipedia.org/wiki/Natural_selection" style="text-decoration: none; color: rgb(11, 0, 128); background-image: none; background-attachment: initial; background-origin: initial; background-clip: initial; background-color: initial; background-position: initial initial; background-repeat: initial initial; " title="Natural selection" wotsearchprocessed="true">natural selection</a>&nbsp;process like that which nature subjects to living organisms. &#39;Unfit&#39; sentences and sections are ruthlessly culled, edited and replaced if they are not considered &#39;fit&#39;, which hopefully results in the evolution of a higher quality and more relevant page. Whilst such openness may invite &#39;vandalism&#39; and the posting of untrue information, this same openness also makes it possible to rapidly correct or restore a &#39;quality&#39; wiki page.&quot;<sup class="reference" id="cite_ref-BMC_12-0" style="line-height: 1em; "><a href="http://en.wikipedia.org/wiki/Wiki#cite_note-BMC-12" style="text-decoration: none; color: rgb(11, 0, 128); background-image: none; background-attachment: initial; background-origin: initial; background-clip: initial; background-color: initial; white-space: nowrap; background-position: initial initial; background-repeat: initial initial; " wotsearchprocessed="true">[13]</a></sup></p>\r\n', 11, 'Информация', 0);
INSERT INTO `pages` (`page_id`, `page_num`, `page_content`, `site_id`, `title`, `page_type`) VALUES
(18, 3, '<p>\r\n	&nbsp;</p>\r\n<h2 style="color: rgb(0, 0, 0); background-image: none; background-attachment: initial; background-origin: initial; background-clip: initial; font-weight: normal; margin-top: 0px; margin-right: 0px; margin-bottom: 0.6em; margin-left: 0px; overflow-x: hidden; overflow-y: hidden; padding-top: 0.5em; padding-bottom: 0.17em; border-bottom-width: 1px; border-bottom-style: solid; border-bottom-color: rgb(170, 170, 170); width: auto; font-size: 19px; font-family: sans-serif; line-height: 19px; ">\r\n	<span class="mw-headline" id="History">History</span></h2>\r\n<div class="rellink relarticle mainarticle" style="font-style: italic; padding-left: 1.6em; margin-bottom: 0.5em; color: rgb(0, 0, 0); font-family: sans-serif; font-size: 13px; line-height: 19px; ">\r\n	Main article:&nbsp;<a href="http://en.wikipedia.org/wiki/History_of_wikis" style="text-decoration: none; color: rgb(11, 0, 128); background-image: none; background-attachment: initial; background-origin: initial; background-clip: initial; background-color: initial; background-position: initial initial; background-repeat: initial initial; " title="History of wikis" wotsearchprocessed="true">History of wikis</a></div>\r\n<div class="thumb tright" style="clear: right; float: right; margin-bottom: 1.3em; width: auto; margin-top: 0.5em; margin-right: 0px; margin-left: 1.4em; color: rgb(0, 0, 0); font-family: sans-serif; font-size: 13px; line-height: 19px; ">\r\n	<div class="thumbinner" style="min-width: 100px; border-top-width: 1px; border-right-width: 1px; border-bottom-width: 1px; border-left-width: 1px; border-top-style: solid; border-right-style: solid; border-bottom-style: solid; border-left-style: solid; border-top-color: rgb(204, 204, 204); border-right-color: rgb(204, 204, 204); border-bottom-color: rgb(204, 204, 204); border-left-color: rgb(204, 204, 204); border-image: initial; padding-top: 3px !important; padding-right: 3px !important; padding-bottom: 3px !important; padding-left: 3px !important; background-color: rgb(249, 249, 249); font-size: 12px; text-align: center; overflow-x: hidden; overflow-y: hidden; width: 222px; ">\r\n		<a class="image" href="http://en.wikipedia.org/wiki/File:HNL_Wiki_Wiki_Bus.jpg" style="text-decoration: none; color: rgb(11, 0, 128); background-image: none; background-attachment: initial; background-origin: initial; background-clip: initial; background-color: initial; background-position: initial initial; background-repeat: initial initial; " wotsearchprocessed="true"><img alt="" class="thumbimage" height="165" src="http://upload.wikimedia.org/wikipedia/commons/thumb/4/42/HNL_Wiki_Wiki_Bus.jpg/220px-HNL_Wiki_Wiki_Bus.jpg" style="border-top-style: solid; border-right-style: solid; border-bottom-style: solid; border-left-style: solid; border-width: initial; border-color: initial; border-image: initial; vertical-align: middle; border-top-width: 1px; border-right-width: 1px; border-bottom-width: 1px; border-left-width: 1px; border-top-color: rgb(204, 204, 204); border-right-color: rgb(204, 204, 204); border-bottom-color: rgb(204, 204, 204); border-left-color: rgb(204, 204, 204); background-color: rgb(255, 255, 255); " width="220" /></a>\r\n		<div class="thumbcaption" style="text-align: left; border-top-style: none; border-right-style: none; border-bottom-style: none; border-left-style: none; border-width: initial; border-color: initial; border-image: initial; line-height: 1.4em; padding-top: 3px !important; padding-right: 3px !important; padding-bottom: 3px !important; padding-left: 3px !important; font-size: 11px; ">\r\n			<div class="magnify" style="float: right; border-top-style: none !important; border-right-style: none !important; border-bottom-style: none !important; border-left-style: none !important; border-width: initial !important; border-color: initial !important; border-image: initial !important; background-image: none !important; background-attachment: initial !important; background-origin: initial !important; background-clip: initial !important; background-color: initial !important; background-position: initial initial !important; background-repeat: initial initial !important; ">\r\n				<a class="internal" href="http://en.wikipedia.org/wiki/File:HNL_Wiki_Wiki_Bus.jpg" style="text-decoration: none; color: rgb(11, 0, 128); background-image: none !important; background-attachment: initial !important; background-origin: initial !important; background-clip: initial !important; background-color: initial !important; display: block; border-top-style: none !important; border-right-style: none !important; border-bottom-style: none !important; border-left-style: none !important; border-width: initial !important; border-color: initial !important; border-image: initial !important; background-position: initial initial !important; background-repeat: initial initial !important; " title="Enlarge" wotsearchprocessed="true"><img alt="" height="11" src="http://bits.wikimedia.org/skins-1.18/common/images/magnify-clip.png" style="border-top-style: none !important; border-right-style: none !important; border-bottom-style: none !important; border-left-style: none !important; border-width: initial; border-color: initial; border-image: initial !important; vertical-align: middle; display: block; border-width: initial !important; border-color: initial !important; background-image: none !important; background-attachment: initial !important; background-origin: initial !important; background-clip: initial !important; background-color: initial !important; background-position: initial initial !important; background-repeat: initial initial !important; " width="15" /></a></div>\r\n			<a href="http://en.wikipedia.org/wiki/Wiki_Wiki_Shuttle" style="text-decoration: none; color: rgb(11, 0, 128); background-image: none; background-attachment: initial; background-origin: initial; background-clip: initial; background-color: initial; background-position: initial initial; background-repeat: initial initial; " title="Wiki Wiki Shuttle" wotsearchprocessed="true">Wiki Wiki Shuttle</a>&nbsp;at&nbsp;<a href="http://en.wikipedia.org/wiki/Honolulu_International_Airport" style="text-decoration: none; color: rgb(11, 0, 128); background-image: none; background-attachment: initial; background-origin: initial; background-clip: initial; background-color: initial; background-position: initial initial; background-repeat: initial initial; " title="Honolulu International Airport" wotsearchprocessed="true">Honolulu International Airport</a></div>\r\n	</div>\r\n</div>\r\n<p style="margin-top: 0.4em; margin-right: 0px; margin-bottom: 0.5em; margin-left: 0px; line-height: 19px; color: rgb(0, 0, 0); font-family: sans-serif; font-size: 13px; ">\r\n	WikiWikiWeb was the first wiki.<sup class="reference" id="cite_ref-ebersbach10_5-0" style="line-height: 1em; "><a href="http://en.wikipedia.org/wiki/Wiki#cite_note-ebersbach10-5" style="text-decoration: none; color: rgb(11, 0, 128); background-image: none; background-attachment: initial; background-origin: initial; background-clip: initial; background-color: initial; white-space: nowrap; background-position: initial initial; background-repeat: initial initial; " wotsearchprocessed="true">[6]</a></sup>&nbsp;Ward Cunningham started developing WikiWikiWeb in Portland, Oregon, in 1994, and installed it on the&nbsp;<a href="http://en.wikipedia.org/wiki/Domain_name" style="text-decoration: none; color: rgb(11, 0, 128); background-image: none; background-attachment: initial; background-origin: initial; background-clip: initial; background-color: initial; background-position: initial initial; background-repeat: initial initial; " title="Domain name" wotsearchprocessed="true">Internet domain</a><a class="external text" href="http://c2.com/" rel="nofollow" style="text-decoration: none; color: rgb(102, 51, 102); background-image: url(data:image/png;base64,iVBORw0KGgoAAAANSUhEUgAAAAoAAAAKCAYAAACNMs+9AAAAGXRFWHRTb2Z0d2FyZQBBZG9iZSBJbWFnZVJlYWR5ccllPAAAAFZJREFUeF59z4EJADEIQ1F36k7u5E7ZKXeUQPACJ3wK7UNokVxVk9kHnQH7bY9hbDyDhNXgjpRLqFlo4M2GgfyJHhjq8V4agfrgPQX3JtJQGbofmCHgA/nAKks+JAjFAAAAAElFTkSuQmCC); background-attachment: initial; background-origin: initial; background-clip: initial; background-color: initial; padding-right: 13px; background-position: 100% 50%; background-repeat: no-repeat no-repeat; " wotsearchprocessed="true">c2.com</a></p>\r\n<div style="position: relative; visibility: visible; background-image: url(chrome-extension://bhmmomiinigofkjcapegjjndpbikblnp/skin/fusion/16_16/plain/r5.png) !important; background-attachment: initial !important; background-origin: initial !important; background-clip: initial !important; background-color: initial !important; margin-left: 4px !important; display: inline-block; cursor: pointer; width: 16px; height: 16px; background-position: 100% 50%; background-repeat: no-repeat no-repeat !important; " wotsearchtarget="c2.com">\r\n	&nbsp;</div>\r\n<p>\r\n	&nbsp;<sup class="reference" id="cite_ref-6" style="line-height: 1em; "><a href="http://en.wikipedia.org/wiki/Wiki#cite_note-6" style="text-decoration: none; color: rgb(11, 0, 128); background-image: none; background-attachment: initial; background-origin: initial; background-clip: initial; background-color: initial; white-space: nowrap; background-position: initial initial; background-repeat: initial initial; " wotsearchprocessed="true">[7]</a></sup>&nbsp;on March 25, 1995. It was named by Cunningham, who remembered a&nbsp;<a href="http://en.wikipedia.org/wiki/Honolulu_International_Airport" style="text-decoration: none; color: rgb(11, 0, 128); background-image: none; background-attachment: initial; background-origin: initial; background-clip: initial; background-color: initial; background-position: initial initial; background-repeat: initial initial; " title="Honolulu International Airport" wotsearchprocessed="true">Honolulu International Airport</a>&nbsp;counter employee telling him to take the &quot;<a href="http://en.wikipedia.org/wiki/Wiki_Wiki_Shuttle" style="text-decoration: none; color: rgb(11, 0, 128); background-image: none; background-attachment: initial; background-origin: initial; background-clip: initial; background-color: initial; background-position: initial initial; background-repeat: initial initial; " title="Wiki Wiki Shuttle" wotsearchprocessed="true">Wiki Wiki Shuttle</a>&quot; bus that runs between the airport&#39;s terminals. According to Cunningham, &quot;I chose wiki-wiki as an alliterative substitute for &#39;quick&#39; and thereby avoided naming this stuff quick-web.&quot;<sup class="reference" id="cite_ref-cunningham_7-0" style="line-height: 1em; "><a href="http://en.wikipedia.org/wiki/Wiki#cite_note-cunningham-7" style="text-decoration: none; color: rgb(11, 0, 128); background-image: none; background-attachment: initial; background-origin: initial; background-clip: initial; background-color: initial; white-space: nowrap; background-position: initial initial; background-repeat: initial initial; " wotsearchprocessed="true">[8]</a></sup><sup class="reference" id="cite_ref-history_8-0" style="line-height: 1em; "><a href="http://en.wikipedia.org/wiki/Wiki#cite_note-history-8" style="text-decoration: none; color: rgb(11, 0, 128); background-image: none; background-attachment: initial; background-origin: initial; background-clip: initial; background-color: initial; white-space: nowrap; background-position: initial initial; background-repeat: initial initial; " wotsearchprocessed="true">[9]</a></sup></p>\r\n<p>\r\n	&nbsp;</p>\r\n<p style="margin-top: 0.4em; margin-right: 0px; margin-bottom: 0.5em; margin-left: 0px; line-height: 19px; color: rgb(0, 0, 0); font-family: sans-serif; font-size: 13px; ">\r\n	Cunningham was in part inspired by Apple&#39;s&nbsp;<a href="http://en.wikipedia.org/wiki/HyperCard" style="text-decoration: none; color: rgb(11, 0, 128); background-image: none; background-attachment: initial; background-origin: initial; background-clip: initial; background-color: initial; background-position: initial initial; background-repeat: initial initial; " title="HyperCard" wotsearchprocessed="true">HyperCard</a>. Apple had designed a system allowing users to create virtual &quot;card stacks&quot; supporting links among the various cards. Cunningham developed&nbsp;<a href="http://en.wikipedia.org/wiki/Vannevar_Bush" style="text-decoration: none; color: rgb(11, 0, 128); background-image: none; background-attachment: initial; background-origin: initial; background-clip: initial; background-color: initial; background-position: initial initial; background-repeat: initial initial; " title="Vannevar Bush" wotsearchprocessed="true">Vannevar Bush&#39;s</a>&nbsp;ideas by allowing users to &quot;comment on and change one another&#39;s text.&quot;<sup class="reference" id="cite_ref-Britannica_1-1" style="line-height: 1em; "><a href="http://en.wikipedia.org/wiki/Wiki#cite_note-Britannica-1" style="text-decoration: none; color: rgb(11, 0, 128); background-image: none; background-attachment: initial; background-origin: initial; background-clip: initial; background-color: initial; white-space: nowrap; background-position: initial initial; background-repeat: initial initial; " wotsearchprocessed="true">[2]</a></sup><sup class="reference" id="cite_ref-hypercard_9-0" style="line-height: 1em; "><a href="http://en.wikipedia.org/wiki/Wiki#cite_note-hypercard-9" style="text-decoration: none; color: rgb(11, 0, 128); background-image: none; background-attachment: initial; background-origin: initial; background-clip: initial; background-color: initial; white-space: nowrap; background-position: initial initial; background-repeat: initial initial; " wotsearchprocessed="true">[10]</a></sup></p>\r\n<p style="margin-top: 0.4em; margin-right: 0px; margin-bottom: 0.5em; margin-left: 0px; line-height: 19px; color: rgb(0, 0, 0); font-family: sans-serif; font-size: 13px; ">\r\n	In the early 2000s, wikis were increasingly adopted in enterprise as collaborative software. Common uses included project communication, intranets, and documentation, initially for technical users. Today some&nbsp;<a class="mw-redirect" href="http://en.wikipedia.org/wiki/Corporate_wiki" style="text-decoration: none; color: rgb(11, 0, 128); background-image: none; background-attachment: initial; background-origin: initial; background-clip: initial; background-color: initial; background-position: initial initial; background-repeat: initial initial; " title="Corporate wiki" wotsearchprocessed="true">companies use wikis</a>&nbsp;as their only collaborative software and as a replacement for static intranets, and some schools and universities use wikis to enhance&nbsp;<a class="mw-redirect" href="http://en.wikipedia.org/wiki/Group_learning" style="text-decoration: none; color: rgb(11, 0, 128); background-image: none; background-attachment: initial; background-origin: initial; background-clip: initial; background-color: initial; background-position: initial initial; background-repeat: initial initial; " title="Group learning" wotsearchprocessed="true">group learning</a>. There may be greater use of wikis behind&nbsp;<a href="http://en.wikipedia.org/wiki/Firewall_(computing)" style="text-decoration: none; color: rgb(11, 0, 128); background-image: none; background-attachment: initial; background-origin: initial; background-clip: initial; background-color: initial; background-position: initial initial; background-repeat: initial initial; " title="Firewall (computing)" wotsearchprocessed="true">firewalls</a>&nbsp;than on the public Internet.</p>\r\n<p style="margin-top: 0.4em; margin-right: 0px; margin-bottom: 0.5em; margin-left: 0px; line-height: 19px; color: rgb(0, 0, 0); font-family: sans-serif; font-size: 13px; ">\r\n	On March 15, 2007,&nbsp;<i>wiki</i>&nbsp;entered the online&nbsp;<i><a href="http://en.wikipedia.org/wiki/Oxford_English_Dictionary" style="text-decoration: none; color: rgb(11, 0, 128); background-image: none; background-attachment: initial; background-origin: initial; background-clip: initial; background-color: initial; background-position: initial initial; background-repeat: initial initial; " title="Oxford English Dictionary" wotsearchprocessed="true">Oxford English Dictionary</a></i>.<sup class="reference" id="cite_ref-OED1_10-0" style="line-height: 1em; "><a href="http://en.wikipedia.org/wiki/Wiki#cite_note-OED1-10" style="text-decoration: none; color: rgb(11, 0, 128); background-image: none; background-attachment: initial; background-origin: initial; background-clip: initial; background-color: initial; white-space: nowrap; background-position: initial initial; background-repeat: initial initial; " wotsearchprocessed="true">[11]</a></sup></p>\r\n', 11, 'История', 0),
(19, 1, '<p>\r\n	1234</p>\r\n', 12, 'Nachalo', 0),
(20, 2, '<p>\r\n	123123123123</p>\r\n', 12, 'kkoko', 0),
(21, 3, '<p>\r\n	dafdsafsadafs</p>\r\n<p>\r\n	d</p>\r\n<p>\r\n	asd</p>\r\n<p>\r\n	asd</p>\r\n<p>\r\n	f</p>\r\n', 12, 'fsdsdfsdf', 0),
(22, 1, '<p>\r\n	sdgsd</p>\r\n', 13, 'gdsgds', 0),
(23, 1, '<p>\r\n	asdakksjd;b;kBDK;BHASDFBAHDSF</p>\r\n', 18, 'asdasd', 0),
(24, 1, '<p>\r\n	asd</p>\r\n', 20, 'asd', 0),
(25, 2, '<p>\r\n	asd</p>\r\n', 20, 'asd', 0),
(26, 1, '<p>\r\n	asd</p>\r\n', 21, 'asd', 0),
(27, 2, '<p>\r\n	asd</p>\r\n', 21, 'asd', 0),
(28, 1, '<p>\r\n	asd</p>\r\n', 22, 'asd', 0),
(29, 2, '<p>\r\n	asd</p>\r\n', 22, 'asd', 0),
(30, 3, '<p>\r\n	asd</p>\r\n', 22, 'asd', 0),
(31, 4, '<p>\r\n	asd</p>\r\n', 22, 'asd', 0),
(32, 1, '<p>\r\n	asd</p>\r\n', 23, 'asd', 0),
(33, 2, '<p>\r\n	asd</p>\r\n', 23, 'asd', 0),
(34, 3, '<p>\r\n	asd</p>\r\n', 23, 'asd', 0),
(35, 4, '<p>\r\n	asd</p>\r\n', 23, 'asd', 0),
(36, 1, '<p>\r\n	asd</p>\r\n', 24, 'asd', 0),
(37, 2, '<p>\r\n	asd</p>\r\n', 24, 'asd', 0),
(38, 3, '<p>\r\n	asd</p>\r\n', 24, 'asd', 0),
(39, 4, '<p>\r\n	asd</p>\r\n', 24, 'asd', 0),
(40, 1, '<p>\r\n	grgerg</p>\r\n', 25, 'gerger', 0),
(41, 2, '<p>\r\n	dsadsa</p>\r\n', 25, 'dasdsa', 0),
(42, 1, '<p>\r\n	<img alt="" src="http://images.ibox.bg/2008/12/15/qkimacki2/519x389.jpg" style="width: 519px; height: 389px; " /></p>\r\n', 26, 'Първа яка мацка', 0),
(43, 1, '<p>\r\n	<img alt="" src="http://images.ibox.bg/2008/12/15/qkimacki2/519x389.jpg" /></p>\r\n', 27, 'Първа яка мацка', 0),
(44, 2, '<p>\r\n	<img alt="" src="http://www.bg-vip.com/files/28420_SamC06_123_1020lo.jpg" style="width: 499px; height: 720px;" /></p>\r\n', 27, 'Втора яка мацка', 0),
(45, 1, '<p>\r\n	Admin</p>\r\n', 28, 'Admin', 0),
(46, 1, '<p>\r\n	dsadasdas</p>\r\n', 29, 'dsadas', 0),
(47, 1, '<p>\r\n	<img alt="cool" height="20" src="http://exo.loc/js/ckeditor/plugins/smiley/images/shades_smile.gif" title="cool" width="20" /></p>\r\n', 30, '5555', 0);

CREATE TABLE IF NOT EXISTS `sites` (
  `site_id` bigint(20) NOT NULL auto_increment,
  `site_name` varchar(50) collate utf8_unicode_ci NOT NULL,
  `user_id` bigint(20) default NULL,
  `template_id` bigint(20) NOT NULL,
  `domain` varchar(63) collate utf8_unicode_ci default NULL,
  PRIMARY KEY  (`site_id`)
) ENGINE=MyISAM  DEFAULT CHARSET=utf8 COLLATE=utf8_unicode_ci AUTO_INCREMENT=31 ;

INSERT INTO `sites` (`site_id`, `site_name`, `user_id`, `template_id`, `domain`) VALUES
(11, 'me', 10, 0, NULL),
(12, 'korko', 11, 0, NULL),
(13, 'kokoko', 12, 0, NULL),
(14, 'dasdas', 13, 0, NULL),
(15, 'dsada', 14, 0, NULL),
(16, '1234', 15, 0, NULL),
(17, 'ros', 16, 0, NULL),
(18, 'plapla', 17, 0, NULL),
(19, 'adri', 18, 0, NULL),
(20, 'asdasd', 19, 0, NULL),
(21, 'asdasdasd', 20, 0, NULL),
(22, 'asdasdasdasd', 21, 0, NULL),
(23, 'qwe', 22, 0, NULL),
(24, 'qweqwe', 23, 0, NULL),
(25, 'Uyy', 25, 0, NULL),
(26, 'aaadawdwa', 26, 0, NULL),
(27, 'aaaadwafada', 27, 0, NULL),
(28, 'admin-a', 28, 0, NULL),
(29, 'Saiii', 29, 0, 'kkokok'),
(30, ',lmkkm', 30, 0, NULL);


CREATE TABLE IF NOT EXISTS `users` (
  `id` bigint(20) NOT NULL auto_increment,
  `email` varchar(60) collate utf8_unicode_ci NOT NULL,
  `password` char(32) collate utf8_unicode_ci NOT NULL,
  `domain` varchar(63) collate utf8_unicode_ci NOT NULL,
  `priority` int(11) NOT NULL default '1',
  PRIMARY KEY  (`id`),
  UNIQUE KEY `email` (`email`),
  UNIQUE KEY `domain` (`domain`)
) ENGINE=MyISAM  DEFAULT CHARSET=utf8 COLLATE=utf8_unicode_ci AUTO_INCREMENT=31 ;

INSERT INTO `users` (`id`, `email`, `password`, `domain`, `priority`) VALUES
(10, 'test@yahoo.com', '827ccb0eea8a706c4c34a16891f84e7b', 'me', 2),
(11, 'test2@yahoo.com', '827ccb0eea8a706c4c34a16891f84e7b', 'korko', 1),
(12, 'test98@yahoo.com', '827ccb0eea8a706c4c34a16891f84e7b', 'kokoko', 1),
(13, 'try@yahoo.com', '827ccb0eea8a706c4c34a16891f84e7b', 'dasdas', 1),
(14, 'test123@yahoo.com', '827ccb0eea8a706c4c34a16891f84e7b', 'dsada', 1),
(15, '1234@abv.bg', '827ccb0eea8a706c4c34a16891f84e7b', '1234', 2),
(16, 'ros@abv.bg', '827ccb0eea8a706c4c34a16891f84e7b', 'ros', 1),
(17, 'abv@abv.bg', 'd609db1855137003665578e5accf5e3b', 'plapla', 1),
(18, 'adrian@abv.bg', '8c4205ec33d8f6caeaaaa0c10a14138c', 'adri', 1),
(19, 'abv2@abv.bg', 'a8f5f167f44f4964e6c998dee827110c', 'asdasd', 1),
(20, 'abv3@abv.bg', 'a8f5f167f44f4964e6c998dee827110c', 'asdasdasd', 1),
(21, 'abv4@abv.bg', 'a8f5f167f44f4964e6c998dee827110c', 'asdasdasdasd', 1),
(22, 'abv5@abv.bg', 'a8f5f167f44f4964e6c998dee827110c', 'qwe', 1),
(23, 'qwe@abv.bg', 'efe6398127928f1b2e9ef3207fb82663', 'qweqwe', 1),
(24, 'tlalral@abv.bg', '325e1c0bac8cf262e3d94f252522a381', 'testestse', 1),
(25, 'abff@abv.bg', '827ccb0eea8a706c4c34a16891f84e7b', 'Uyy', 1),
(26, 'tlalr2l@abv.bg', '325e1c0bac8cf262e3d94f252522a381', 'aaadawdwa', 1),
(27, 'nifesnis@abv.bg', '325e1c0bac8cf262e3d94f252522a381', 'aaaadwafada', 1),
(28, 'clan_rbr@yahoo.com', '827ccb0eea8a706c4c34a16891f84e7b', 'admin-a', 2),
(29, 'clan_rbr123@yahoo.com', '827ccb0eea8a706c4c34a16891f84e7b', '', 1),
(30, 'tlalr2fl@abv.bg', '3028879ab8d5c87dc023049fa5bb5c1a', ',lmkkm', 1);
